bg,bg_cheese,counts,cps,detrad,detx,dety,exptime,flux,flux_bgsub,flux_bgsub_cheese,mag,mag_bgsub,mag_bgsub_cheese,response,t0,t0_data,t1,t1_data,t_mean
7.012258748198201,5.138674404763611,16.0,3.3629682935840433,277.14291758084966,169.51910400390625,246.09498596191406,5.556190450635332,6.927714684783129e-16,4.327866254527012e-16,5.022511944189058e-16,18.763193068099376,19.273983473020866,19.112365605346664,0.8563759711430701,992632971.995,992632972.8,992632981.995,992632981.485,992632976.183125
7.7757908833093285,5.717130916938801,13.0,2.0075628740228333,276.5997377069666,168.87924194335938,248.04405212402344,7.539607464707286,4.1355795204870365e-16,2.0110485956878767e-16,2.57352343944792e-16,19.32332711087217,20.106111638001273,19.838347730612906,0.8591040007444969,992632981.995,992632982.675,992632991.995,992632991.855,992632987.7246152
6.977251830178011,5.160440431109675,6.0,1.417743761528755,273.990207490062,170.59368896484375,250.18885803222656,4.912752869172534,2.920552148749235e-16,-5.127028063825625e-19,7.566925834142397e-17,19.701005637639025,,21.16736935759923,0.8617702704846875,992632991.995,992632996.66,992633001.995,992633000.785,992632998.6549999
11.641757906106166,8.591799918727723,15.0,2.1285001946437414,273.2382801680043,171.00775146484375,250.93052673339844,8.189098196596113,4.384710400966107e-16,1.4561802123127234e-16,2.2234091920080887e-16,19.259815764430407,20.45663023784528,19.997119558955593,0.8608579757821251,992633001.995,992633002.35,992633011.995,992633011.425,992633007.2520001
12.358133733381491,9.209563353990408,21.0,2.9716635412235304,271.724350233899,172.79534912109375,250.9625244140625,8.19452672577876,6.121626894920472e-16,3.014948944785833e-16,3.8064595711581253e-16,18.897500909941716,19.666468145458428,19.41336499726656,0.8626421444998161,992633011.995,992633012.365,992633021.995,992633021.615,992633016.8871428
6.999478557223336,5.144559201945124,15.0,2.120935609520938,271.3724650167193,173.36618041992188,250.73471069335938,8.20500979361581,4.369127355613132e-16,2.6117954095746017e-16,3.077502821020506e-16,19.263681290582984,19.82232016533103,19.64417190166423,0.8621723063295427,992633021.995,992633022.175,992633031.995,992633031.885,992633026.898
7.649988789599513,5.812675410216806,14.0,1.9807859076491967,271.60815525302587,174.49905395507812,248.60543823242188,8.212376273717524,4.080418969757345e-16,2.1614887623082252e-16,2.622362136272016e-16,19.3379061561198,20.02778559603267,19.817936386957307,0.8609780546972321,992633031.995,992633034.1,992633041.995,992633041.71,992633039.0442857
12.386444592221213,9.189446146984697,19.0,2.6804388373221166,272.00403085002534,174.89378356933594,247.3127899169922,8.214234893312417,5.52170400488356e-16,2.4153798990621523e-16,3.2171364695431157e-16,19.0094852453147,19.907204431536606,19.595994341229005,0.8632101681791418,992633041.995,992633042.445,992633051.995,992633051.895,992633047.9449999
9.141751981823504,7.002712506320246,12.0,1.7195645209300234,273.91829416339294,173.52268981933594,245.92449951171875,8.218235458659963,3.5423029131158483e-16,1.250812339830777e-16,1.7869884255248714e-16,19.49145381020659,20.621687658162937,20.234363702041197,0.8497157895371589,992633051.995,992633053.03,992633061.995,992633061.84,992633056.3954166
6.10496246091083,4.661670167414581,9.0,1.2768078314033995,275.96034845978005,172.5219268798828,243.76991271972656,8.221046054144924,2.630224132691003e-16,1.1004647095412475e-16,1.462119674739167e-16,19.81468615551271,20.76072775127613,20.452210748041768,0.8575811695319941,992633061.995,992633062.435,992633071.995,992633070.745,992633066.1894444
13.191844158386864,9.7411270589096,7.0,0.9977185840370708,276.8040084936779,171.81173706054688,243.3137664794922,8.221369045964767,2.0553002831163658e-16,-1.2501344704317842e-16,-3.855002245804603e-17,20.082479845765754,,,0.8534016427428869,992633071.995,992633072.355,992633081.995,992633080.065,992633076.6292858
10.734609605865092,8.12012129047961,12.0,1.6952370804173402,277.94893258341295,169.65199279785156,244.45127868652344,8.228542864279206,3.4921883856597206e-16,8.047993603101949e-17,1.4593315197128643e-16,19.50692389185731,21.10044899463363,20.454283143967036,0.8606175440866579,992633081.995,992633083.125,992633091.995,992633090.425,992633086.20375
13.222309552352577,9.720286667528983,15.0,2.1210895715194056,278.12002459884724,168.6237030029297,245.67645263671875,8.225295946511293,4.3694445173299754e-16,1.0579578723541049e-16,1.9350287023461183e-16,19.263602478172007,20.80349711458709,20.147949522654308,0.8599417475415512,992633091.995,992633092.885,992633101.995,992633100.365,992633096.4396669
6.1803556853435415,4.603763606997716,8.0,1.8904787866616277,277.0247129350893,168.77755737304688,247.42584228515625,4.9367711390184965,3.894386300522953e-16,1.315467336428759e-16,1.9733426135958727e-16,19.38857047888967,20.566967878790784,20.12666181488771,0.8574448744142124,992633101.995,992633102.235,992633111.995,992633107.915,992633104.51
10.791273199450856,8.073314726253766,11.0,1.9365999513208856,274.5754649252855,169.70281982421875,250.48446655273438,6.584343853191898,3.9893958997210243e-16,6.132018116658726e-17,1.463551456159572e-16,19.36240020849837,21.395659477723523,20.45114806055573,0.8628574409196896,992633111.995,992633115.155,992633121.995,992633121.9,992633118.8886364
9.980842857224863,7.526636127683279,16.0,2.2584213399111595,272.90242245990396,171.2764434814453,251.13339233398438,8.232141106482732,4.652347960216988e-16,2.1547551687508667e-16,2.7688925842130935e-16,19.195487577940707,20.03117322303484,19.758902780544478,0.860808598550115,992633121.995,992633122.035,992633131.995,992633131.235,992633126.58
7.0026655264175455,5.1419614604868915,9.0,2.1215719158234676,271.87156214142124,172.0414276123047,251.84793090820312,4.93534884170655,4.3704381465963433e-16,1.4475462807739297e-16,2.2241986510026875e-16,19.263355605458784,20.463086906343154,19.99673411839884,0.8598322668984821,992633131.995,992633132.095,992633141.995,992633137.2,992633135.5744443
12.308214211050347,9.247157800442796,8.0,1.1218196688135937,270.07828952660606,174.42739868164062,251.476318359375,8.246630406190485,2.310948517756003e-16,-7.636310409120527e-17,1.017778697712489e-19,19.955192374485524,,28.345534658991987,0.8649701687743918,992633141.995,992633142.63,992633151.995,992633150.95,992633146.38375
8.484135703325991,6.341785355937079,16.0,2.2273577398277564,270.24410989702153,175.55499267578125,249.47984313964844,8.241604200151855,4.588356944045179e-16,2.4677358702341453e-16,3.0032192067840664e-16,19.210525061416018,19.883921366165023,19.67070046899164,0.8717094509595318,992633151.995,992633152.075,992633161.995,992633161.91,992633156.3084376
7.707445896450661,5.769867166357419,14.0,3.261139515845912,271.3581073575992,175.79115295410156,247.141845703125,4.943882625578226,6.717947402642579e-16,3.506435368650595e-16,4.31377900649136e-16,18.79657655276591,19.50250345516804,19.277523319497824,0.8685654987891424,992633161.995,992633162.02,992633171.995,992633171.74,992633167.8339287
8.543182847208241,6.298088909874387,12.0,1.6759480037352827,272.2979979186981,175.51380920410156,245.88267517089844,8.248727019757895,3.4524528876946825e-16,1.3189168132076987e-16,1.8795964792737337e-16,19.519348648693263,20.564124539509887,20.179506493767427,0.8683591410408731,992633171.995,992633172.11,992633181.995,992633178.4,992633175.9149998
6.992496151108891,5.150741789517494,5.0,0.7006494934861702,275.3869004325953,173.6291961669922,243.1746063232422,8.252840915568543,1.4433379565815107e-16,-3.020661071404639e-17,1.5765606897964922e-17,20.466247969041934,,22.870391316929524,0.8648390705657926,992633181.995,992633182.195,992633191.995,992633191.94,992633186.9430001
13.229280550973838,9.712801120689742,18.0,2.543097914701892,276.8968126251927,172.02320861816406,242.84266662597656,8.253543564439784,5.238781704285897e-16,1.9368886783107112e-16,2.8145659535111027e-16,19.066592295592883,20.14690639946673,19.74113947615987,0.8577628423413182,992633191.995,992633192.665,992633201.995,992633201.365,992633195.5094446
7.842977594243512,5.669778711647716,14.0,1.9529146319881892,278.41627285699576,169.44662475585938,243.920654296875,8.256167164660624,4.02300414189567e-16,2.0660992583199797e-16,2.6083350935280673e-16,19.353291851671273,20.076790096413582,19.823759589483235,0.8684560453725946,992633201.995,992633203.175,992633211.995,992633211.12,992633207.3014286
6.984675553509768,5.158079809632569,15.0,2.100248040273165,278.7149563927218,168.18043518066406,245.26889038085938,8.255062192645367,4.3265109629627196e-16,2.583528135643851e-16,3.0393438696233463e-16,19.274323529640636,19.834135062057335,19.657718454201607,0.8653196054319424,992633211.995,992633212.835,992633221.995,992633221.48,992633217.1166667
6.908907339308887,5.211709464386779,15.0,2.125537216478433,277.2604477891,168.08071899414062,248.05657958984375,8.25082929984846,4.378606665945572e-16,2.65364683442443e-16,3.077389405659512e-16,19.261328216192016,19.805060242230425,19.64421191509065,0.8556147900087422,992633221.995,992633223.34,992633231.995,992633231.4,992633226.1369998
7.728535356254722,5.7512621612421695,18.0,2.5381954962851374,275.97059277818073,168.34326171875,250.0169219970703,8.255730842377677,5.228682722347383e-16,3.300230458356242e-16,3.7936068606994126e-16,19.06868732706891,19.56830738054804,19.417037245792944,0.8592321788901273,992633231.995,992633232.1,992633241.995,992633240.89,992633236.6402779
12.286815116070729,9.261884089751375,14.0,1.9519414359409946,273.447633440754,170.37380981445312,251.5229949951172,8.25497719479804,4.0209993580384485e-16,9.548686417651691e-17,1.709729347878885e-16,19.353833041505805,20.914808972959133,20.282349634629337,0.8690377492213966,992633241.995,992633242.695,992633251.995,992633251.45,992633246.9642859
9.915554712703372,7.576488938902719,20.0,2.7845190719822934,271.14123103446286,172.6499786376953,252.2517852783203,8.257957785977656,5.736109288283524e-16,3.262611210725755e-16,3.8461060188744856e-16,18.96812450788653,19.580754740569407,19.402114922164152,0.8699483942423398,992633251.995,992633252.88,992633261.995,992633261.455,992633257.1835
9.216218595627035,6.946793623934352,19.0,2.651958241409759,270.3357711136479,174.45419311523438,250.9680633544922,8.26385663658218,5.463033977304103e-16,3.1656308225896715e-16,3.7313491847635407e-16,19.0210832968862,19.613517386310107,19.43500331888635,0.8670909121144321,992633261.995,992633262.96,992633271.995,992633271.985,992633267.5931579
13.289224809857838,9.668806030314311,11.0,1.5303410205428525,270.19672666169726,175.48736572265625,249.66587829589844,8.267562542725656,3.152502502318276e-16,-1.587277383763255e-17,7.433595028531659e-17,19.61802945099994,,21.18667080674513,0.8695620160198125,992633271.995,992633272.335,992633281.995,992633279.79,992633275.5477271
10.863380297650272,8.021343173481513,20.0,2.8044935814738405,271.0448934248393,175.78421020507812,247.7087860107422,8.272384753930702,5.777256777836111e-16,3.072043700975031e-16,3.779771478385986e-16,18.960363874011968,19.646099577409192,19.421004191988583,0.8626027725455128,992633281.995,992633282.505,992633291.995,992633290.945,992633285.8532499
10.105776425274357,7.43474089355585,19.0,2.645042500667697,273.3206188270249,174.97361755371094,244.8636474609375,8.263533644762337,5.448787551375456e-16,2.9295384829989806e-16,3.595395661281017e-16,19.023918363271264,19.697670032524076,19.475301325908763,0.8698801569247268,992633291.995,992633292.65,992633301.995,992633301.615,992633296.8618422
10.787491611723295,8.078893206560764,19.0,2.6397191776089164,275.253772421923,173.8987579345703,243.01953125,8.270503468243188,5.437821505874368e-16,2.750895273937195e-16,3.4255473959101334e-16,19.026105681027936,19.76598290793388,19.527843098922798,0.8706071261501332,992633301.995,992633302.36,992633311.995,992633311.9,992633306.6057894
7.0054570796522935,5.141365110627212,11.0,1.5390869473541107,277.7773074990555,171.27903747558594,242.37083435058594,8.273580390316441,3.170519111549468e-16,1.4262631905005432e-16,1.8903947121675248e-16,19.611842112394203,20.479168866103727,20.173286816390874,0.863962469207006,992633311.995,992633312.94,992633321.995,992633319.055,992633315.9236366
13.198083990403322,9.738002703538193,16.0,2.224292121773262,278.8324926255466,169.09710693359375,243.69448852539062,8.271727437244703,4.582041770852919e-16,1.295176575342182e-16,2.1568789833359846e-16,19.21202044094557,20.583845598086047,20.030103604188522,0.8697901104053051,992633321.995,992633322.305,992633331.995,992633331.095,992633327.6265624
4.593778288660459,3.4844489575938624,11.0,2.5692879528387116,278.96095712867833,167.6829833984375,245.57196044921875,4.961029524645751,5.292733182847746e-16,3.3852292610047737e-16,3.845863169882864e-16,19.055468048675515,19.540697835565183,19.402183479366116,0.8630994652611398,992633331.995,992633332.56,992633341.995,992633336.965,992633335.3131818
3.8443501192712413,2.891049821577596,7.0,1.6159983216470115,278.200131786732,166.69544982910156,248.46023559570312,4.960258877496648,3.3289565425928435e-16,1.7323944595881126e-16,2.1283009357920326e-16,19.55889773653325,20.268051085591573,20.04458546095192,0.8734648009869458,992633341.995,992633342.815,992633351.995,992633350.445,992633348.0507144
10.80813324952205,8.060992101858767,17.0,2.412577786043687,275.70040051239596,168.3566131591797,250.4939727783203,8.26850885209257,4.969910239249995e-16,2.2771932219149134e-16,2.961610553433422e-16,19.123796688219553,19.97116834477239,19.685848178470387,0.8522750894647331,992633351.995,992633352.245,992633361.995,992633361.555,992633357.4444119
13.16089195774191,9.76194328080167,15.0,2.110268333553138,273.16930396840786,170.4763641357422,251.87718200683594,8.27082646006303,4.347152767119464e-16,1.0691928723181267e-16,1.9157629591536247e-16,19.26915579496429,20.792027913654078,20.158813620877794,0.8596088293803208,992633361.995,992633362.04,992633371.995,992633371.685,992633368.331
8.510059444943053,6.320510143657624,28.0,3.908003831873129,271.28176480312436,172.57601928710938,252.1077117919922,8.27126278234598,8.050487893658646e-16,5.93101437215478e-16,6.476332744855384e-16,18.600112547797348,18.931845609858282,18.836345165689366,0.8663727539925381,992633371.995,992633372.11,992633381.995,992633381.88,992633377.677857
9.28171702090094,6.898787822399759,20.0,2.7734748426070013,269.86230714521366,174.5693817138672,251.6534423828125,8.279524573106208,5.713358175770422e-16,3.4040061237017357e-16,3.996894532398226e-16,18.97243942281919,19.534692219183896,19.360361329635758,0.8710882967833877,992633381.995,992633382.265,992633391.995,992633390.965,992633386.3785
5.427739872572867,4.014088309213686,5.0,1.1654324002281085,269.7682753000562,176.00033569335938,249.6701202392578,4.966571384291499,2.4007907444699033e-16,1.4951048041000412e-17,7.358550620524844e-17,19.913782280603773,22.92798895849082,21.19768734642928,0.8638984980091904,992633391.995,992633392.785,992633401.995,992633397.355,992633395.569
6.217254871712915,4.5757436809009775,16.0,2.22887586102975,270.5795119555439,176.69097900390625,247.20486450195312,8.284273119510235,4.591484273721285e-16,3.0454771767841214e-16,3.453661818247572e-16,19.209785298035722,19.65552967795205,19.518968527673092,0.8668756521842123,992633401.995,992633402.325,992633411.995,992633411.455,992633406.105
8.451935710388264,6.366174893445243,15.0,2.0646103800726,273.0772211502203,175.51927185058594,244.50218200683594,8.283780131995734,4.253097382949556e-16,2.15128066570586e-16,2.6699650361790617e-16,19.292904733807802,20.0329253657077,19.798404115389648,0.8771821914306874,992633411.995,992633412.01,992633421.995,992633421.755,992633417.4173332
6.217376218307802,4.580682020738271,12.0,1.6678273553329055,275.1913919375757,174.0063018798828,242.9740447998047,8.285270427585543,3.435724351985785e-16,1.8898731789123118e-16,2.2968110183541764e-16,19.52462226809883,20.173586397032818,19.961854893651882,0.8687112385163686,992633421.995,992633423.945,992633431.995,992633429.355,992633426.4233333
8.500291413094548,6.327399401594648,10.0,1.3959254017830418,277.52697946942095,171.4859619140625,242.51171875,8.287905360852692,2.875606327673066e-16,7.628167205806887e-17,1.3028998113978923e-16,19.71784447444624,21.158617540904515,20.57739049788459,0.8645100428077319,992633431.995,992633432.345,992633441.995,992633437.495,992633434.9955
12.473215491891537,9.124690675755454,14.0,1.940800071133117,279.3928837888618,168.5137939453125,243.55665588378906,8.28569541682218,3.998048146534221e-16,8.969416466345034e-17,1.7294560916182787e-16,19.360048001399957,20.982757577005483,20.269894199964476,0.8707446612146196,992633441.995,992633443.99,992633451.995,992633450.965,992633447.4421428
9.216879711556652,6.946191723422344,15.0,2.084471165950743,279.37495461866035,167.34033203125,245.33958435058594,8.285587752882233,4.2940106018585306e-16,2.002468616897724e-16,2.567017251836689e-16,19.28251026999987,20.11075375478119,19.841096082446164,0.8686052730634531,992633451.995,992633453.3,992633461.995,992633461.955,992633458.0419998
9.189928081129663,6.966954747806936,20.0,2.808350534941351,278.5303079285072,167.08706665039062,247.256103515625,8.283207813157064,5.785202101979183e-16,3.499704469400574e-16,4.052548870982653e-16,18.95887171260787,19.50458962056685,19.34534739880249,0.8599410563621402,992633461.995,992633462.695,992633471.995,992633471.675,992633466.784
9.18141523755417,6.973307983336531,13.0,1.821962558992859,276.54701717538586,167.5171661376953,250.2335662841797,8.282992485277166,3.7532428715252893e-16,1.4698029887799775e-16,2.0189645329650712e-16,19.42865137986456,20.446520235514566,20.10184632646231,0.8615209885325465,992633471.995,992633473.61,992633481.995,992633481.845,992633476.9065382
10.03178256154997,7.491226040717384,12.0,1.6724537616059953,273.07760912786415,170.28834533691406,252.33843994140625,8.282068842002875,3.4452547489083504e-16,9.500482406036751e-17,1.5819611759771373e-16,19.521614700876366,20.920303905869012,20.366678498508296,0.8664518599607969,992633481.995,992633483.11,992633491.995,992633491.45,992633487.9220834
10.713330869179927,8.13332169048706,13.0,1.8065270729901572,271.2373078133095,172.1776580810547,252.80401611328125,8.279377243504172,3.721445770359724e-16,1.0558513734108601e-16,1.697785996244625e-16,19.437888814049565,20.80566107799074,20.289960683189776,0.8692718131225072,992633491.995,992633492.585,992633501.995,992633500.205,992633496.5646154
9.994931681295718,7.517314655061859,13.0,1.8032068125044594,269.61608136520863,174.56326293945312,252.1111602783203,8.285236428446611,3.714606033759186e-16,1.2295159049154536e-16,1.8455382861860712e-16,19.439886151332338,20.640332673151985,20.199360402971678,0.8703150214245151,992633501.995,992633503.17,992633511.995,992633511.64,992633506.9188461
10.066390016138977,7.462333669580494,9.0,1.2411897933962812,269.17115332528505,176.1610565185547,250.50338745117188,8.290098305313741,2.556850974396339e-16,5.5461645882037205e-18,7.025415569214587e-17,19.84540451095425,24.004686166988833,21.247988003829285,0.8747758375924656,992633511.995,992633512.255,992633521.995,992633519.005,992633514.9733334
6.08613552346283,4.67466793208375,13.0,1.810592520016969,270.75332897556734,176.95188903808594,246.5174102783203,8.29155460176462,3.729820591234956e-16,2.21774718877974e-16,2.5684200574866655e-16,19.43544819533586,19.9998879574086,19.840502918971055,0.8662276968221582,992633521.995,992633524.2,992633531.995,992633531.84,992633528.2476922
6.862783674910139,5.247236671112777,17.0,3.330170248964565,272.3887419666072,176.3468017578125,244.5172882080078,5.7995789469088415,6.860150712867003e-16,4.4225023077444136e-16,4.996341694756534e-16,18.77383390850458,19.250497880410876,19.11803772172728,0.8803484391282433,992633531.995,992633532.23,992633541.995,992633538.56,992633535.1064705
6.9308079841126675,5.196442367388617,11.0,2.5504077270744796,276.1221845037247,173.39437866210938,242.22372436523438,4.977464563604498,5.253839917773428e-16,2.3854188040060446e-16,3.1032125973714484e-16,19.063475961205636,19.920756454850128,19.63513922692983,0.8669190488524737,992633541.995,992633546.535,992633551.995,992633551.325,992633549.0236363
3.0470681694759927,2.336032505990484,4.0,2.802970940455533,276.85868404002554,172.9226837158203,241.6124267578125,1.6542663009252558,5.774120137338399e-16,1.9797126555383112e-16,2.8651405131697582e-16,18.96095351181158,20.12316265250406,19.721803236824172,0.8628267981468745,992633551.995,992633552.275,992633561.995,992633552.945,992633552.5625
9.223898175709929,6.942062715123992,15.0,2.0848401492922872,279.4047139073847,168.64013671875,243.34877014160156,8.293231892618547,4.2947707075421114e-16,2.003597557195907e-16,2.5703948094216426e-16,19.282318095060837,20.110141817117693,19.839668462065216,0.8678010631351467,992633561.995,992633562.51,992633571.995,992633571.66,992633567.5163333
15.265739225775084,11.64924024517994,15.0,2.086660245279889,279.68831963653656,167.31642150878906,244.81008911132812,8.28625640261454,4.2985201052765713e-16,5.033897982812255e-17,1.4024674442101305e-16,19.281370644959743,21.609907026244546,20.497436079246764,0.8679871419249822,992633571.995,992633572.55,992633581.995,992633581.385,992633576.3036667
8.492471213372875,6.334599391735793,18.0,2.529541382318823,278.8380621731653,166.4363250732422,247.6888885498047,8.290534627596688,5.210855247576775e-16,3.100678825260867e-16,3.636858474975568e-16,19.072395528268792,19.63602609231177,19.462852047896387,0.8585569004369201,992633581.995,992633582.255,992633591.995,992633591.855,992633586.9530555
13.110638347981103,9.800015306422093,20.0,2.797789346448708,276.2249401959933,167.62525939941406,250.66079711914062,8.290234301869464,5.763446053684338e-16,2.5056472975320867e-16,3.3282879150685123e-16,18.962962469713176,19.867368205023634,19.559115830706517,0.8625083058624081,992633591.995,992633592.545,992633601.995,992633601.855,992633597.1057503
15.422496246413004,11.528552789026831,5.0,0.7060699076483384,274.9163312131865,168.118408203125,252.3181915283203,8.294778853439906,1.454504009755577e-16,-2.375657448308539e-16,-1.4086005003238518e-16,20.457880743819224,,,0.8538738796651165,992633601.995,992633602.165,992633611.995,992633610.655,992633605.1439998
9.99072658116984,7.51988234709564,12.0,1.6616379903604916,270.6856252429873,172.31053161621094,253.6162109375,8.288619342770243,3.4229742601426127e-16,9.399435036196245e-17,1.554031195634647e-16,19.52865896749541,20.931913674380056,20.386018719464627,0.8715192821323523,992633611.995,992633612.585,992633621.995,992633621.06,992633616.4387501
13.163532794242492,9.760566693495802,12.0,1.6510943536833493,269.98995784382976,174.0576934814453,252.2006378173828,8.294132869800215,3.4012543685877e-16,1.3184959996205423e-17,9.770386363063728e-17,19.535570269427573,23.06447100976944,20.889888706101672,0.8764794011695344,992633621.995,992633622.475,992633631.995,992633631.705,992633626.7941667
8.506447837286634,6.3226443431217625,11.0,1.5231590474443637,269.51372245469486,175.68052673339844,250.6064910888672,8.297487451508074,3.137707637735389e-16,1.025829476157019e-16,1.5679978402877784e-16,19.623136863752773,20.83698011613495,20.376304400510612,0.8705405128740346,992633631.995,992633632.04,992633641.995,992633640.765,992633635.5713634
4.580320708411857,3.494088254738782,13.0,3.0151735758237366,269.8644208778078,177.0387420654297,247.9635467529297,4.9754791586914155,6.211257566196897e-16,4.3148652071120265e-16,4.764598545992103e-16,18.881719203956674,19.27724996778311,19.169602266244254,0.8667199625627935,992633641.995,992633642.065,992633651.995,992633647.945,992633644.4665385
6.88145026496987,5.232807195650377,22.0,3.031648198838303,273.0001796411255,175.5260772705078,244.627685546875,8.297255124058712,6.245195289606904e-16,4.536704067644375e-16,4.946020723817874e-16,18.87580299223694,19.222816923774346,19.129028221617425,0.8749581180842234,992633651.995,992633652.115,992633661.995,992633661.915,992633656.6136364
5.379215517162157,4.050790065061612,9.0,2.0847229446290836,276.2295876375629,173.27406311035156,242.2085723876953,4.9838054030151255,4.294529265935912e-16,2.071090935328121e-16,2.6201806790150527e-16,19.282379134236106,20.074170131255404,19.81883995125546,0.866560229773745,992633661.995,992633666.645,992633671.995,992633671.38,992633668.5672221
9.40354467755188,6.809799231234323,13.0,1.817776462721308,278.4015736093705,170.99522399902344,241.68307495117188,8.302847982412857,3.7446195132058946e-16,1.411528256231266e-16,2.0550563119938174e-16,19.431148810727315,20.490444110031707,20.082608733989854,0.8615077565857846,992633671.995,992633672.31,992633681.995,992633681.505,992633676.2807692
9.267146858147738,6.910125105349406,11.0,1.525800961051609,279.6970201934976,168.62672424316406,242.84774780273438,8.29489218390301,3.1431499797663145e-16,8.416948065657702e-17,1.427050794698688e-16,19.62125528973204,21.051781432183525,20.47856947156173,0.8692699219893231,992633681.995,992633682.655,992633691.995,992633690.395,992633686.2345455
9.277949837571095,6.900286441027893,8.0,1.1042546551036456,279.9307535883199,166.3985595703125,245.7547607421875,8.293866543211925,2.2747645895135097e-16,-2.965839171218286e-18,5.608968784214714e-17,19.972326903127144,,21.49246049336701,0.8736748497291816,992633691.995,992633692.21,992633701.995,992633701.145,992633697.420625
6.1104003091782495,4.656671151574981,11.0,1.529114783139117,279.23828328684294,165.79673767089844,247.93800354003906,8.302864981982324,3.149976453266581e-16,1.633942570477616e-16,1.9946231393127537e-16,19.618899782523968,20.331576081023968,20.11501591863234,0.8665890698231273,992633701.995,992633702.955,992633711.995,992633711.67,992633707.6195453
10.796943320665852,8.071629679602452,13.0,1.8132046399154709,276.2765564079528,167.33021545410156,251.025146484375,8.29825243213402,3.73520155822587e-16,1.054913940745925e-16,1.7314595323033078e-16,19.4338829456759,20.80662547194201,20.26863718675459,0.8641520087266709,992633711.995,992633712.56,992633721.995,992633721.92,992633717.5396152
11.588937086195749,8.631323530778685,11.0,1.542488140116471,273.90158491812747,168.87318420410156,253.02220153808594,8.292551909839927,3.17752556863993e-16,2.9865177235590155e-17,1.0333693828576319e-16,19.60944541621374,22.176755309869232,20.829029076112832,0.8600183698537751,992633721.995,992633723.72,992633731.995,992633730.335,992633727.569091
8.43405869082536,6.376487943387078,11.0,1.5200126131814748,271.06494691197196,172.1067352294922,253.23193359375,8.29840542825921,3.131225983153838e-16,1.0375513545396889e-16,1.5483236681324714e-16,19.625382020578222,20.82464404664028,20.390013669437987,0.8724015246359673,992633731.995,992633732.845,992633741.995,992633741.89,992633737.0786363
10.844683781853046,8.035724562145631,13.0,1.7898041252676404,269.3374549406971,174.6070098876953,252.55284118652344,8.293877876258234,3.686996498051339e-16,9.934375954580035e-17,1.6911155790175854e-16,19.447986238150946,20.871816572608864,20.294234824929376,0.8759360927810339,992633741.995,992633742.315,992633751.995,992633751.525,992633747.4000001
7.715455370902009,5.760870413853287,15.0,2.0821405730554567,269.3056708177185,175.8061981201172,250.79315185546875,8.304519606743632,4.2892095804942407e-16,2.3753314976305854e-16,2.8601813387039595e-16,19.283724882499126,19.925357481762447,19.72368412902521,0.8676581080452148,992633751.995,992633752.0,992633761.995,992633761.51,992633755.8436667
12.253652621812654,9.289110566575806,10.0,1.3839965331787345,270.81419984595925,176.70159912109375,246.774169921875,8.304700935484597,2.851032858348193e-16,-1.885136102160131e-17,5.4684780511128696e-17,19.727162494393294,,21.520001867618436,0.870201093310784,992633761.995,992633762.05,992633771.995,992633771.7,992633768.1975
7.600177171243385,5.851574747559205,18.0,2.4693354413782864,272.65061224651225,176.06494140625,244.46400451660156,8.30276298456553,5.08683100923927e-16,3.2011497002743075e-16,3.6349957584462185e-16,19.09854977573281,19.601403090427535,19.46340827984341,0.8781972958333877,992633771.995,992633772.41,992633781.995,992633781.115,992633775.9755557
9.950805876088166,7.55085957509443,13.0,1.7801894958352262,275.501056917584,174.09909057617188,242.29898071289062,8.304304278863736,3.667190361420566e-16,1.1987523783718019e-16,1.7940929648951513e-16,19.453834414711903,20.66784434633067,20.230055692872153,0.8797329064512843,992633781.995,992633782.9,992633791.995,992633790.765,992633786.5784614
10.664515094159594,8.171517748222401,13.0,1.8176270980560434,277.71693409977263,171.49172973632812,242.1688690185547,8.302173666157394,3.744311821995449e-16,1.0981492653722602e-16,1.7167311861004475e-16,19.431238028126245,20.763014612473647,20.2779123094285,0.8616454561833108,992633791.995,992633792.325,992633801.995,992633800.275,992633795.7546155
13.127316436425879,9.78599575765605,15.0,2.063163741502867,280.61789429873215,167.53720092773438,242.81396484375,8.301431351624068,4.250117307495906e-16,9.925740341004285e-17,1.8217226841003174e-16,19.293665757976473,20.872760776435353,20.213462385427295,0.8761446028382929,992633801.995,992633802.87,992633811.995,992633810.82,992633807.3933333
16.080093084950377,12.192785088589936,10.0,1.3795487594526763,281.0077482106281,165.8614959716797,244.6149444580078,8.298739753125366,2.841870444472513e-16,-1.1496984853186233e-16,-1.8475022682109766e-17,19.730657362487165,,,0.8738003526224396,992633811.995,992633812.355,992633821.995,992633820.88,992633816.7484999
13.045143698483296,9.848894664057307,14.0,1.9476161557918623,279.39332032805146,165.32154846191406,248.38650512695312,8.295232175292318,4.012089280931236e-16,7.725179885305383e-17,1.5662598479240655e-16,19.356241578920105,21.14489654838752,20.37750851428427,0.8667995336101922,992633821.995,992633822.36,992633831.995,992633830.86,992633827.9817857
10.824235850018333,8.048566911689637,16.0,2.218640374683255,277.44039355624454,166.15048217773438,250.7097625732422,8.296257815983402,4.570399171847505e-16,1.8826902860316575e-16,2.5719019932596037e-16,19.214782720026122,20.17772084638099,19.839032013345992,0.8694025767020263,992633831.995,992633832.69,992633841.995,992633841.985,992633836.9484377
11.531690303498436,8.673339114660727,14.0,1.96410702554973,275.00340691891154,167.8474578857422,252.5819854736328,8.297799110281609,4.0460604726324436e-16,1.183219168632668e-16,1.8928294364577523e-16,19.347087127244276,20.68200505893938,20.171889347686086,0.8591342070636575,992633841.995,992633842.075,992633851.995,992633851.315,992633845.4417857
4.6436401990390666,3.4459539142647873,7.0,2.4160149814560405,270.1954543854762,172.66358947753906,253.97349548339844,3.3189915806893366,4.976990861799444e-16,2.0948206069313392e-16,2.8381890930070355e-16,19.122250942569817,20.061800957315857,19.7320647340479,0.8730019001927255,992633851.995,992633858.105,992633861.995,992633860.58,992633859.4700001
8.413899983705525,6.394278587144176,23.0,3.163647034000003,269.08874544783384,174.5690460205078,253.0658721923828,8.299295072394571,6.517112890040005e-16,4.4286663635288753e-16,4.929964370242111e-16,18.82952994104674,19.248985641775768,19.132558599516397,0.8762005109926835,992633861.995,992633862.33,992633871.995,992633871.8,992633866.3693478
3.881342085905168,2.862982147626943,17.0,2.3636605142645943,269.0679494597784,176.1739959716797,250.66989135742188,8.296099153335058,4.869140659385065e-16,3.9053666555810715e-16,4.15823507410881e-16,19.146037249435736,19.385513516195974,19.317395457660737,0.8671160704061487,992633871.995,992633872.005,992633881.995,992633881.59,992633876.2805882
8.429108776034909,6.383370348301913,17.0,2.367736500069077,270.36947976986914,177.03314208984375,247.0770263671875,8.302020670032205,4.877537190142299e-16,2.786002518190614e-16,3.293616426734836e-16,19.144166577226507,19.752214289335654,19.57048550088486,0.8651351060028462,992633881.995,992633882.8,992633891.995,992633891.56,992633887.435
9.402020098704401,6.812476290909898,21.0,2.8697798772525585,272.52578928607056,176.1999053955078,244.48851013183594,8.302020670032205,5.91174654714027e-16,3.57880109047039e-16,4.221350712553658e-16,18.93537853496016,19.48032414841791,19.301039463121853,0.8815967933104144,992633891.995,992633892.69,992633901.995,992633901.845,992633896.881905
7.825085199099883,5.683536518343879,25.0,3.444513953024017,275.7072553662952,173.96688842773438,242.12814331054688,8.298014438161506,7.095698743229475e-16,5.153104447898603e-16,5.684748531580723e-16,18.737180129174586,19.084495687839137,18.97788990552372,0.8750005524052846,992633901.995,992633902.035,992633911.995,992633911.42,992633906.7232
5.336126132807723,4.082990049155162,16.0,2.2422926172537796,279.3787526346548,170.12664794921875,241.22113037109375,8.29715312664192,4.619122791542786e-16,3.294280443112748e-16,3.605406475490683e-16,19.203269282467893,19.570266630845232,19.4722824648923,0.8601551757467568,992633911.995,992633913.015,992633921.995,992633921.865,992633917.6965625
13.96294871903491,10.314893273437121,30.0,4.122268286014968,280.6585957457067,167.82008361816406,242.32395935058594,8.301839341291238,8.491872669190834e-16,5.027137544993874e-16,5.93235793158384e-16,18.542159367063856,19.1113661311615,18.931599684655183,0.8769309903747715,992633921.995,992633922.63,992633931.995,992633931.8,992633927.0781667
13.140570164973957,9.779613295185237,42.0,5.754023309167934,280.9115952526824,165.89012145996094,244.7457275390625,8.297085128364056,1.1853288016885943e-15,8.590747724596128e-16,9.425205976458117e-16,18.18007095785975,18.52959063653291,18.42894092601963,0.8799268388598394,992633931.995,992633932.12,992633941.995,992633941.63,992633936.825833
19.378523756577696,14.340194221806183,60.0,8.315616374759502,279.9789288589451,165.06109619140625,247.71109008789062,8.292194918881151,1.7130169732004573e-15,1.2316033145845268e-15,1.3567687134103147e-15,17.780263885583274,18.138490928325183,18.03340350003191,0.8703190588241283,992633941.995,992633942.145,992633951.995,992633951.85,992633947.0849999
13.825562480141318,10.420380978898118,71.0,9.90317627538624,277.23989032454284,166.21481323242188,250.9817352294922,8.297487451508074,2.0400543127295653e-15,1.696809940556219e-15,1.7813496754284427e-15,17.590563726224858,17.790585051478487,17.737795103467835,0.8641322542401149,992633951.995,992633952.0,992633961.995,992633961.985,992633957.3035913
11.500046067436424,8.697145434334612,69.0,9.695034191668093,273.93695398833995,168.71490478515625,253.20538330078125,8.290874618985999,1.997177043483627e-15,1.7114400617100876e-15,1.781082597263181e-15,17.613626637369173,17.78126381637543,17.73795790035034,0.8585414241190797,992633961.995,992633962.23,992633971.995,992633971.66,992633967.4665947
10.791023942407875,8.07477031476096,79.0,11.026044927594855,271.16062497718985,171.62945556640625,253.79815673828125,8.290387297994656,2.27136525508454e-15,2.0032292980739757e-15,2.0707229177545198e-15,17.473950605606234,17.610341392630676,17.574363075708668,0.8644324385851022,992633971.995,992633972.125,992633981.995,992633981.64,992633977.1139876
13.05107003230078,9.842847490979626,59.0,8.068323117721157,269.09005094670306,174.49815368652344,253.17230224609375,8.289633650415016,1.6620745622505582e-15,1.3377513725859149e-15,1.4174767104455766e-15,17.813041794048107,18.048729537798213,17.985878220825448,0.8823381001474919,992633981.995,992633981.995,992633991.995,992633991.8,992633986.9442369
10.82762764740743,8.047606828279312,68.0,9.452042096259083,268.77917787047693,176.6064910888672,250.5423583984375,8.29842809435183,1.947120671829371e-15,1.6783358766843639e-15,1.7473470535276239e-15,17.64118588207962,17.80247085517151,17.75872012094576,0.86713753785105,992633991.995,992633992.36,992634001.995,992634001.775,992633997.2038234
11.59807018080765,8.624035013025038,45.0,6.216718066233334,270.3135179272529,177.09048461914062,247.0923614501953,8.299992054742656,1.2806439216440667e-15,9.927879283505341e-16,1.0666014019686378e-15,18.096097069578448,18.372526831455424,18.29466267543488,0.8722916551991942,992634001.995,992634002.27,992634011.995,992634011.58,992634007.2204446
8.531353388065327,6.306384300692157,37.0,5.054298399110813,272.5813501303912,176.35694885253906,244.16554260253906,8.29661480694218,1.0411854702168274e-15,8.29357051176461e-16,8.846017072999867e-16,18.32084780371455,18.567814197490886,18.49779861784308,0.882482161712732,992634011.995,992634012.67,992634021.995,992634021.615,992634016.805
15.317736722632036,11.608592037136866,41.0,5.582076732410373,275.53108432785683,174.34649658203125,241.89283752441406,8.29303923083127,1.1499078068765368e-15,7.694135541626371e-16,8.615491131470138e-16,18.2130104947558,18.649268469253652,18.526467951625932,0.8859132316786655,992634021.995,992634022.54,992634031.995,992634031.915,992634026.2941464
9.129214897930042,7.014387997924102,42.0,5.909836856317944,278.9231587300697,170.6713409423828,241.23446655273438,8.292070255371737,1.2174263924014965e-15,9.906291980874113e-16,1.0431678679230895e-15,18.15106126961531,18.37489024003673,18.318782547722183,0.8572613172842839,992634031.995,992634032.415,992634041.995,992634041.725,992634036.8571427
8.52478123116458,6.310443371823994,29.0,3.977062937397953,281.2210201941175,167.07159423828125,242.4258270263672,8.287537036847608,8.192749651039784e-16,6.073778808662847e-16,6.62418793141673e-16,18.58109384052074,18.906020620955708,18.811836438182404,0.8802811530023105,992634041.995,992634043.67,992634051.995,992634051.985,992634047.8087931
14.627134301010884,10.97291735033498,25.0,3.4520720094904593,281.46423682712816,165.52037048339844,244.30343627929688,8.286766389698505,7.111268339550346e-16,3.475121832809168e-16,4.3835204245385335e-16,18.734800383928736,19.51224296357933,19.260110464814982,0.8742635433206634,992634051.995,992634052.0,992634061.995,992634061.88,992634056.7003999
14.685947372906323,10.928982555107735,34.0,4.691483148981696,280.3853046558083,164.5647430419922,247.72998046875,8.28336080928225,9.664455286902294e-16,6.0121875317315e-16,6.946512101535636e-16,18.40172459812039,18.917086754400025,18.760251059333612,0.8751231720663073,992634061.995,992634062.125,992634071.995,992634071.81,992634066.7882357
7.600564296565286,5.849060503583781,38.0,5.286199070200889,277.2866106771557,166.01438903808594,251.2095489501953,8.293855210165615,1.0889570084613832e-15,9.001767361492524e-16,9.436800011823763e-16,18.27214121507005,18.478848588438506,18.427606172383257,0.866845607317245,992634071.995,992634072.135,992634081.995,992634081.71,992634077.6673687
16.187688430913546,12.111101136679967,31.0,4.338284017595362,273.9507473854933,168.49044799804688,253.53382873535156,8.286942051916316,8.936865076246445e-16,4.912867085338491e-16,5.926240869481126e-16,18.486705047795855,19.136330514127906,18.932719802890425,0.8623789596157657,992634081.995,992634082.465,992634091.995,992634091.9,992634087.2580647
7.648369733988099,5.81329236638884,40.0,5.57531177847291,270.9886802061643,171.5723419189453,254.20675659179688,8.283088816170805,1.1485142263654195e-15,9.582996578429106e-16,1.0039379391791485e-15,18.21432710326259,18.410914718209998,18.36040088420191,0.8664120031278248,992634091.995,992634092.855,992634101.995,992634101.66,992634096.7953746
9.220725832818426,6.942385522085022,37.0,5.080850143795016,268.72051556795907,174.8544464111328,253.3023681640625,8.285525421127524,1.0466551296217732e-15,8.174035824939257e-16,8.740491276049575e-16,18.315159035299867,18.583576708938757,18.510828441739278,0.8790884337285731,992634101.995,992634102.185,992634111.995,992634111.545,992634107.147162
6.888619937413299,5.227211211031742,22.0,3.0561018784780227,268.33897940673967,177.03271484375,250.69696044921875,8.283474139745357,6.295569869664726e-16,4.582453267660386e-16,4.995625557282723e-16,18.867080430441014,19.211922939232615,19.118193354019624,0.8692367379179324,992634111.995,992634112.28,992634121.995,992634121.62,992634117.1134092
9.251758502821733,6.920124280063761,38.0,5.266328016777107,270.0716259023367,177.4980010986328,246.9263458251953,8.284613110899544,1.0848635714560842e-15,8.548151399760606e-16,9.12792095985777e-16,18.276230235160092,18.534987537110236,18.46373837392198,0.8711458355071202,992634121.995,992634122.725,992634131.995,992634131.75,992634127.2335528
8.579729016506992,6.269108513433554,21.0,2.8804616536557237,272.8050145656513,176.5100555419922,243.55569458007812,8.288574010585002,5.933751006530791e-16,3.8013888231885964e-16,4.3756586831491435e-16,18.931344754935477,19.414812317240777,19.26205945556995,0.8797435408131303,992634131.995,992634132.475,992634141.995,992634141.89,992634136.8330952
10.062176754741248,7.466994252303595,38.0,5.248544902301455,276.1968856731761,173.9477996826172,241.30178833007812,8.281989510678704,1.0812002498740996e-15,8.309212065592004e-16,8.95471831117809e-16,18.279902707433738,18.56576844326453,18.484538228956936,0.8744757939921087,992634141.995,992634142.21,992634151.995,992634151.85,992634147.2276318
13.774115123065016,10.45829366778388,32.0,4.525010271736012,279.07576248528983,170.90269470214844,240.6334228515625,8.280170556745896,9.321521159776185e-16,5.894698371639661e-16,6.719632127661659e-16,18.44095107653191,18.938514082427346,18.796304306271853,0.8542791844052613,992634151.995,992634152.55,992634161.995,992634161.4,992634156.7546872
8.520250403670216,6.312921885081721,29.0,3.988023069330216,281.0295631588031,167.77960205078125,241.72396850585938,8.280793874292964,8.215327522820245e-16,6.095758300592833e-16,6.644871926329659e-16,18.57810584527543,18.9020987041425,18.80845151407075,0.8785132986091229,992634161.995,992634162.095,992634171.995,992634171.95,992634166.4405174
7.694995917183342,5.777651805834858,33.0,4.572099898966364,281.8025824700182,165.22520446777344,244.1363067626953,8.27771695221971,9.41852579187071e-16,7.503542266715628e-16,7.980694226872799e-16,18.429710722433,18.676502217873434,18.609566372111775,0.8721908302341498,992634171.995,992634172.055,992634181.995,992634181.515,992634176.5375757
7.725418444775698,5.754453356632172,37.0,5.108386376769861,280.1928601165892,164.44302368164062,248.2734375,8.271070120558704,1.0523275936145914e-15,8.599176422507293e-16,9.09006672114998e-16,18.30929065491494,18.528525903130227,18.468250373527777,0.8760049521615318,992634181.995,992634182.43,992634191.995,992634191.825,992634188.0064864
9.164375134225503,6.985275877463398,33.0,4.579373740527286,277.9575171905126,165.25885009765625,251.14781188964844,8.27443603531287,9.433509905486209e-16,7.151951054111187e-16,7.694458658227338e-16,18.427984776404074,18.728606716893022,18.64922287452453,0.8710636343859984,992634191.995,992634192.455,992634201.995,992634201.865,992634196.6454546
7.656426788821644,5.805825810887576,34.0,4.768364477833691,274.05996695367395,168.41879272460938,253.44281005859375,8.276674311959159,9.822830824337403e-16,7.917205619032065e-16,8.377805839707148e-16,18.384076389953215,18.618238240376247,18.55684232310651,0.8616575349289434,992634201.995,992634202.16,992634211.995,992634211.965,992634207.6486764
6.889459292430093,5.226807391709454,22.0,3.0511743987971705,270.8595429353495,171.5917205810547,254.41651916503906,8.269965148543447,6.285419261522171e-16,4.569295204469087e-16,4.98345207864742e-16,18.868832420691884,19.215045008305815,19.120842334923637,0.872116655608223,992634211.995,992634212.29,992634221.995,992634221.855,992634217.294091
6.177992774520784,4.607101564198227,27.0,3.7088621565393116,268.9542190621984,174.47886657714844,253.45106506347656,8.267692872758227,7.6402560424709815e-16,6.10093118953084e-16,6.492338555898681e-16,18.656898268368142,18.90117773404738,18.833665153688628,0.8807529266961374,992634221.995,992634222.24,992634231.995,992634231.435,992634226.8744447
10.00758781340883,7.5086420045682765,32.0,4.463584413106276,268.5556228629946,176.88795471191406,250.52378845214844,8.266746563391315,9.194983890998929e-16,6.701181675394908e-16,7.32389683023083e-16,18.455790619123693,18.79928957034516,18.702812506215555,0.8674310121186309,992634231.995,992634232.035,992634241.995,992634241.91,992634237.5818751
10.039041432900179,7.484616213205532,23.0,3.18661785294728,270.30403455487584,177.11134338378906,247.07872009277344,8.273982713460455,6.564432777071397e-16,4.0649804494601e-16,4.700963885104744e-16,18.82167503766592,19.342021897937773,19.184200764028603,0.8725543051213518,992634241.995,992634242.25,992634251.995,992634251.34,992634247.9497826
6.91683046018778,5.207441481685366,27.0,3.7039272607530855,272.424224566206,176.52969360351562,244.19248962402344,8.26867318126407,7.630090157151356e-16,5.906878895122909e-16,6.332744232707416e-16,18.658343876900027,18.93627288368998,18.860688180754675,0.8817534832788931,992634251.995,992634252.105,992634261.995,992634261.695,992634255.7216666
9.202212682510703,6.956405288723424,14.0,1.9291267425207193,276.241476001432,174.06239318847656,241.06117248535156,8.262060348741995,3.9740010895926817e-16,1.6795905762564495e-16,2.239543304259243e-16,19.36659809630091,20.301659477772986,19.989269389754767,0.8788618717283173,992634261.995,992634263.085,992634271.995,992634271.555,992634267.2421428
10.007300228441387,7.508131592055621,33.0,4.6485863263309275,279.2766451585867,170.5879669189453,240.7342987060547,8.255679843669279,9.57608783224171e-16,7.079014440230569e-16,7.70261994437358e-16,18.411697748967573,18.73973605534371,18.648071876350794,0.8601245761325315,992634271.995,992634272.425,992634281.995,992634281.68,992634276.7486365
11.62146140777177,8.606976648775925,30.0,4.088943848827042,281.627811707794,167.18199157714844,241.5386505126953,8.254574871654023,8.423224328583706e-16,5.522988898868259e-16,6.275279440790151e-16,18.550972133318247,19.009232625176338,18.87058537618121,0.8890616056467546,992634281.995,992634282.11,992634291.995,992634291.625,992634286.3886665
11.533492263375075,8.675294028278872,22.0,3.090172808747261,282.4835270786604,164.40286254882812,244.14451599121094,8.250523307598082,6.365755986019357e-16,3.486060580435509e-16,4.199698751589561e-16,18.85504308316376,19.508830726001538,19.306622703032012,0.86313142967484,992634291.995,992634292.005,992634301.995,992634301.975,992634297.699773
12.336662897467772,9.226205230199131,20.0,2.7496459960244506,280.78240508956316,164.00204467773438,247.869384765625,8.253390568314593,5.664270751810368e-16,2.58510887785906e-16,3.3614616678472685e-16,18.981808039851167,19.833470953085293,19.54834764297929,0.8814290689285066,992634301.995,992634302.22,992634311.995,992634311.725,992634306.67075
6.147708593440584,4.627868687476291,25.0,3.4656503804406458,277.9950696685488,165.07643127441406,251.36563110351562,8.254523872945628,7.13923978370773e-16,5.60501686577602e-16,5.984308300930498e-16,18.73053812908695,18.993225741555957,18.92213315214089,0.8740365621837323,992634311.995,992634312.37,992634321.995,992634321.165,992634317.046
15.35679334492258,11.580370769012054,25.0,3.5238524218898366,274.55361527041657,167.62637329101562,253.7735137939453,8.246823067977761,7.259135989093064e-16,3.423114041031812e-16,4.3664385724605333e-16,18.712455720074605,19.528614631177945,19.2643496638359,0.8603804779355982,992634321.995,992634322.81,992634331.995,992634331.625,992634327.2292
10.75060361636876,8.105146413037382,30.0,4.21026138337563,271.5501962116518,170.75750732421875,254.4411163330078,8.245004114044951,8.673138449753797e-16,5.987118753051084e-16,6.64808165415861e-16,18.519227353146036,18.92162337003031,18.8079271884936,0.8643781990225797,992634331.995,992634332.2,992634341.995,992634341.365,992634337.1613333
10.751521137717402,8.104097215272521,19.0,2.622839703389794,269.33257306676893,174.09136962890625,253.35305786132812,8.24403513858542,5.403049788982975e-16,2.716485118723915e-16,3.378017146251426e-16,19.033070626993947,19.779649725293297,19.543013426805597,0.8788434856934078,992634341.995,992634342.4,992634351.995,992634351.77,992634347.4431578
11.534411940365928,8.673427007551659,14.0,1.943130256406667,267.7863110132658,177.2589569091797,251.3529815673828,8.243338156237334,4.002848328197734e-16,1.120413063889779e-16,1.8353696567038161e-16,19.3587452144777,20.74122264090873,20.205359182315505,0.874214925694236,992634351.995,992634354.155,992634361.995,992634361.67,992634357.7992858
10.02099606031183,7.496924606159933,26.0,3.6072474391741047,270.3227287324146,177.1705780029297,246.9593963623047,8.237121980336122,7.430929724698656e-16,4.924805384969015e-16,5.556043723792394e-16,18.687060165563825,19.13369536835862,19.002753913925314,0.8752597369801826,992634361.995,992634363.16,992634371.995,992634370.725,992634367.0496151
8.463444624928567,6.3558303995943355,29.0,3.97854736474314,273.5147415410332,175.8618621826172,243.24411010742188,8.239365923505565,8.195807571370868e-16,6.079783584911606e-16,6.606727690137276e-16,18.58068866820347,18.90494774976056,18.814702033829413,0.8847800975792036,992634371.995,992634372.145,992634381.995,992634381.825,992634377.6572415
14.522164188946867,11.0509816183987,26.0,3.625510279963242,276.8316867225089,173.36985778808594,241.02024841308594,8.234855371074056,7.468551176724279e-16,3.835741991718677e-16,4.704079779464983e-16,18.681577147783553,19.405044583444116,19.18348135440935,0.8713761364245036,992634381.995,992634382.025,992634391.995,992634391.8,992634387.0407693
15.416815988519964,11.536840182907559,30.0,4.24363124266264,279.73186036256436,170.34329223632812,240.28866577148438,8.231104132745337,8.741880359885038e-16,4.883510884275136e-16,5.85455316859814e-16,18.51065590466637,19.142837650915222,18.94593366483462,0.8591069574865781,992634391.995,992634392.15,992634401.995,992634400.975,992634396.2996668
10.853738028492941,8.028807738060197,25.0,3.4258011609679477,282.4036928298258,166.07412719726562,241.7895965576172,8.232141106482732,7.057150391593972e-16,4.3411254778460534e-16,5.048032262243707e-16,18.7430946194803,19.270662203264298,19.10686274631246,0.8867937919486977,992634401.995,992634402.245,992634411.995,992634411.85,992634407.3524
10.771778571870795,8.090356037883833,31.0,4.386760654621842,283.15462537846804,163.65980529785156,244.0517578125,8.225035286446158,9.036726948520995e-16,6.338882734451786e-16,7.0104580198630915e-16,18.4746401510589,18.859636256779098,18.7503020684167,0.8592842402067089,992634411.995,992634412.135,992634421.995,992634421.63,992634416.455
13.809342199418692,10.430112855221237,21.0,2.9224781369923956,281.8530268242917,162.88720703125,247.62332153320312,8.218014464256912,6.020304962204334e-16,2.5587334287725354e-16,3.4058008657213947e-16,18.915621822758396,19.84460544332044,19.534119922072662,0.8748815751280107,992634421.995,992634423.515,992634431.995,992634431.665,992634427.387619
13.842624379391742,10.404900216158648,31.0,4.296103012185703,278.9497907527514,163.88909912109375,251.4583282470703,8.219844751236028,8.849972205102547e-16,5.380830501756016e-16,6.242368887282737e-16,18.497313284118867,19.037544771378776,18.87629447758052,0.8780319456065988,992634431.995,992634432.095,992634441.995,992634441.755,992634436.6059676
6.964756165428121,5.169688844813413,14.0,3.3239655048783163,276.1924024672121,165.98974609375,253.29811096191406,4.93067396010354,6.847368940049331e-16,3.9375440729269794e-16,4.687510245987152e-16,18.775858729607553,19.376604481216443,19.18731247587234,0.8543323020111833,992634441.995,992634442.23,992634451.995,992634446.01,992634444.08
9.963987972576575,7.5415501440647645,23.0,3.2487732937272296,271.75859311195694,170.43075561523438,254.5672149658203,8.206573754006637,6.692472985078093e-16,4.1913298967720164e-16,4.799406065501749e-16,18.800701483963238,19.308788437904663,19.16169931083545,0.862811569118464,992634451.995,992634452.035,992634461.995,992634461.98,992634456.5004348
9.227689937976923,6.9369333026243725,27.0,3.751594910047866,269.71134105271244,173.37892150878906,253.75672912597656,8.204256146036174,7.728285514698603e-16,5.411312356636426e-16,5.986496576244951e-16,18.644460155095935,19.031411542441308,18.921736204770063,0.8774798361620895,992634461.995,992634462.075,992634471.995,992634470.73,992634465.9624075
11.48706741498551,8.707547483796478,32.0,4.516413216688435,268.6271832741043,176.2949981689453,251.2833709716797,8.207355734202048,9.303811226378177e-16,6.420622091994834e-16,7.118265918299153e-16,18.443015825903395,18.84572527902498,18.73373253095927,0.8634034025391072,992634471.995,992634472.54,992634481.995,992634481.685,992634476.3059375
11.620368021213874,8.607249690726354,19.0,2.6488851662375303,270.67744613920576,176.89999389648438,246.72682189941406,8.202091534190902,5.456703442449312e-16,2.5381846690469685e-16,3.2949457628399297e-16,19.022342171782753,19.853360009451258,19.570047375443938,0.8748379766734041,992634481.995,992634482.59,992634491.995,992634491.265,992634487.3428947
9.255857434918351,6.916726493192062,28.0,4.292244424757435,273.3161457473065,176.1057891845703,243.24191284179688,7.37669199036217,8.842023515000316e-16,6.257251595440248e-16,6.910472544105555e-16,18.498288887023325,18.873709006648884,18.76589868636558,0.8845208538588974,992634491.995,992634492.01,992634501.995,992634500.885,992634496.4412501
13.898036492767051,9.243998708771379,13.0,2.411883276228794,279.694227525637,388.04571533203125,120.56135559082031,6.624196510542162,4.968479549031316e-16,6.464526995052459e-17,2.0937705470016519e-16,19.124109284568064,21.338326167539154,20.06234533515786,0.813943645497829,995915771.995,995915775.64,995915781.995,995915781.74,995915778.6457692
13.08329794488564,8.699793349343652,15.0,2.227670544230166,277.36392245126547,389.1551208496094,122.84817504882812,8.279575571814604,4.589001321114142e-16,1.3338110601286344e-16,2.4244490268326955e-16,19.210372594116773,20.551932265118154,19.903135406766594,0.8135378588309009,995915781.995,995915782.655,995915791.995,995915791.445,995915785.7863333
15.646277266611706,10.258017827575241,16.0,2.3862546929539046,275.27710700593303,386.971435546875,125.03137969970703,8.278538598077208,4.915684667485044e-16,1.0223246514181696e-16,2.363118598672724e-16,19.135708011218604,20.84069596815348,19.930954255245886,0.8100684187901497,995915791.995,995915792.345,995915801.995,995915801.64,995915796.3806251
8.22183363620142,5.407556093941895,10.0,2.4801686071788023,274.6312135868173,387.05535888671875,125.67402648925781,4.961658508715973,5.109147330788333e-16,1.6955755864165004e-16,2.8640178979682755e-16,19.093796984750682,20.291375163939158,19.72222873177348,0.8127876271228665,995915801.995,995915802.295,995915811.995,995915807.835,995915804.9775
12.471185650875471,8.02140974077366,21.0,3.164104609722541,274.6415455548527,394.0062255859375,125.42386627197266,8.286568061388076,6.518055496028434e-16,3.4177801769236454e-16,4.523972548349634e-16,18.829372916385466,19.530307734553773,19.225868148561023,0.8011241416204701,995915811.995,995915812.635,995915821.995,995915821.725,995915817.660238
6.505241689789352,4.37425937201452,16.0,2.416889322781988,275.9211870424962,398.2220458984375,124.08454132080078,8.28691371930054,4.978792004930895e-16,3.3616884203050417e-16,3.891418030544869e-16,19.121858092232422,19.548274405479077,19.389398333842042,0.7989448632353429,995915821.995,995915823.41,995915831.995,995915831.52,995915826.7150002
8.19513897070032,5.425040793302393,17.0,2.541770786796601,278.69703714420973,403.8853759765625,121.33004760742188,8.291548935241462,5.236047820800998e-16,3.200000465657331e-16,3.8882195535512567e-16,19.067159040156973,19.60179294712906,19.390291100999942,0.8069274797528161,995915831.995,995915833.68,995915841.995,995915841.71,995915837.6958824
16.489472093012775,10.782599152735061,14.0,2.0824869739285754,280.65278592824745,404.92913818359375,119.3905029296875,8.288432347506124,4.289923166292865e-16,1.9164365004309846e-17,1.6100250476434974e-16,19.283544266121822,22.658431966339467,20.34758646958745,0.8113600752313227,995915841.995,995915842.005,995915851.995,995915851.43,995915847.3514286
7.378096518648574,4.8814973794716865,21.0,3.1286625492548,283.2289865920354,404.5671081542969,116.8078384399414,8.286109073012506,6.445044851464888e-16,4.610784803172966e-16,5.231461429727991e-16,18.84160319096778,19.20523091820859,19.06811048161962,0.8101865655918521,995915851.995,995915852.73,995915861.995,995915861.76,995915857.1680954
5.6792992224249055,3.8352587863482697,8.0,1.4820574887249536,283.4544610627459,403.2652282714844,116.56434631347656,6.628013625339967,3.053038426773404e-16,1.2879007762612244e-16,1.8610322622610024e-16,19.652837374576308,20.58996203851511,20.190283295956686,0.8145485674135505,995915861.995,995915864.085,995915871.995,995915869.155,995915867.89875
7.350623157842043,4.899410268848105,16.0,2.999826217662932,283.7732103660668,399.3412170410156,116.22755432128906,6.629568374493256,6.179642008385639e-16,3.895589284317907e-16,4.657252527848974e-16,18.88725975894759,19.388235144572874,19.19434358316967,0.8046526318769054,995915871.995,995915874.29,995915881.995,995915881.965,995915878.5681249
9.032921536457442,5.955673796639104,16.0,2.394339571673929,281.93706142343297,395.37548828125,118.10086822509766,8.283666801532632,4.932339517648294e-16,2.686013245609016e-16,3.451269803592845e-16,19.132035641876946,19.79189767595793,19.519720771767336,0.8070102970879816,995915881.995,995915882.02,995915891.995,995915891.7,995915887.6525
8.255491204210312,5.38621416568585,9.0,1.3297551649654673,279.669684956802,393.1202392578125,120.41494750976562,8.284091790769267,2.7392956398288626e-16,6.864077300615056e-17,1.399909082852711e-16,19.77057078535048,21.27321263660625,20.49941847261572,0.8172428689415607,995915891.995,995915894.325,995915901.995,995915901.775,995915898.0277778
12.389515989630848,8.07310396482305,15.0,2.2260951573435097,277.7013175113017,392.71807861328125,122.39417266845703,8.290460962795672,4.58575602412763e-16,1.5072296245493612e-16,2.5797645307514414e-16,19.21114068779987,20.41921949698128,19.83571788258672,0.8129816616942804,995915901.995,995915902.405,995915911.995,995915911.26,995915906.1359999
12.456342466217267,8.02974619002204,7.0,1.0445912404990494,274.99167321248444,392.7909851074219,125.10283660888672,8.293209226525924,2.1518579554280416e-16,-9.422476892641914e-17,1.5730111987420814e-17,20.032634050734632,,22.872838514653004,0.808145789360126,995915911.995,995915914.265,995915921.995,995915921.08,995915918.4492856
9.957468274525842,6.428953427358114,10.0,1.5010118202112357,274.6804703874402,393.9056396484375,125.38714599609375,8.290687623721878,3.0920843496351453e-16,6.179367787108946e-17,1.4946723300984183e-16,19.639039719371333,21.387307939501405,20.428303063966496,0.8038239419670079,995915921.995,995915923.295,995915931.995,995915931.645,995915927.3075001
7.4327051091028755,4.84425268185784,15.0,2.2550961760752855,274.3389018306443,397.0982360839844,125.67644500732422,8.291866260538153,4.645498122715088e-16,2.798944880820639e-16,3.4420102454299697e-16,19.197087328646766,19.747182185778506,19.52263765415504,0.8024270254470258,995915931.995,995915932.3,995915941.995,995915941.495,995915937.2226666
10.601405819439263,7.086336424195193,14.0,2.082748721092918,275.7810813552319,400.32366943359375,124.21910858154297,8.289990641373793,4.290462365451411e-16,1.6560931685730648e-16,2.529561338496454e-16,19.283407808838728,20.316956136680297,19.857055013583995,0.8110689308473698,995915941.995,995915942.275,995915951.995,995915950.105,995915946.3707142
8.974662379231027,5.994118240980088,18.0,2.6888949709894554,278.6967826740537,403.8311767578125,121.32955169677734,8.293639882285719,5.539123640238278e-16,3.309969159983621e-16,4.050285958390931e-16,19.006065402781783,19.565108182579756,19.34595383500529,0.8072759194852763,995915951.995,995915952.62,995915961.995,995915961.315,995915957.6208333
11.524960677982671,7.5607064224036735,11.0,1.6221527050772306,280.5912917399614,404.73358154296875,119.44863891601562,8.292835235997686,3.341634572459095e-16,4.787513339754543e-17,1.463500642757575e-16,19.55477066222529,21.664393058220757,20.451185757151745,0.8179526464209275,995915961.995,995915962.275,995915971.995,995915971.365,995915966.2227273
9.83917062721938,6.506531743723926,15.0,2.22759693827277,283.5198710009231,405.25982666015625,116.52892303466797,8.295504168403768,4.588849692841905e-16,2.1455151973603548e-16,2.973100351997394e-16,19.210408469248023,20.03583906311218,19.681644130094202,0.8118350869643434,995915971.995,995915972.14,995915981.995,995915981.345,995915976.5466667
9.788390519358472,6.540530333754544,21.0,3.0981059184388586,284.4945962298277,403.744873046875,115.5300521850586,8.295237841815474,6.382098191984048e-16,3.951295741904402e-16,4.757853927447615e-16,18.85225934652015,19.372819209780264,19.171140289728438,0.8173103425266087,995915981.995,995915982.03,995915991.995,995915991.615,995915986.5835714
15.462864328568411,10.3793544217659,13.0,1.9362078771308937,284.44496933884545,400.8229064941406,115.55622100830078,8.2943878633422,3.988588226889641e-16,1.4822037314718904e-17,1.4107644668825763e-16,19.36262004338992,22.937398295234097,20.491031769676034,0.8096876422968489,995915991.995,995915992.92,995916001.995,995916001.48,995915996.9580767
6.566985820725547,4.33336172934559,12.0,1.7937056720478233,282.94420919046195,398.3294677734375,117.06072235107422,8.291877593584463,3.695033684418516e-16,2.063558709298114e-16,2.6184711011311495e-16,19.445622046335007,20.0781259777009,19.819548588037286,0.8069250166380492,995916001.995,995916002.41,995916011.995,995916011.17,995916006.7445835
13.222371454876425,8.607438500893734,22.0,3.279081831816987,279.86291952670126,395.6117858886719,120.1714859008789,8.291475270440447,6.754908573542993e-16,3.4698375447297414e-16,4.616408157934903e-16,18.790619362670054,19.513895196135202,19.203907551364775,0.8092586469383561,995916011.995,995916013.18,995916021.995,995916021.035,995916016.7875
10.727239872651408,7.004554545222927,22.0,3.2889608719372383,277.70375369282215,394.7153015136719,122.3465347290039,8.29421220112439,6.77525939619071e-16,4.1109781357394514e-16,5.035566461736594e-16,18.787353232987513,19.32980513345082,19.109547220020175,0.8065836737835211,995916021.995,995916022.915,995916031.995,995916029.775,995916026.0943183
9.914667449655767,6.457165734947038,16.0,2.4322443822004693,274.84587294171996,395.2695007324219,125.19483947753906,8.29656947475694,5.010423427332967e-16,2.5486571505081425e-16,3.407138906608744e-16,19.11498197758028,19.848889507421315,19.533693451414745,0.7929799521963813,995916031.995,995916032.715,995916041.995,995916041.335,995916036.2131251
11.639987695836089,7.485904701063703,11.0,1.6407968906428954,273.64464187930395,396.9101867675781,126.372802734375,8.293220559572237,3.380041594724364e-16,4.887191607941684e-17,1.5205753507702016e-16,19.54236293909848,21.642019634987154,20.409648185689495,0.8085371323742936,995916041.995,995916043.36,995916051.995,995916051.875,995916048.094091
5.719087326693078,3.808912819060369,21.0,3.103215977925398,274.0797223335644,399.61541748046875,125.92054748535156,8.29633148078442,6.392624914526319e-16,4.972561128469183e-16,5.446862269261032e-16,18.850469993236608,19.123217724225228,19.024302066593627,0.8158526425833413,995916051.995,995916052.925,995916061.995,995916061.55,995916057.0283332
13.127837001457873,8.669089347477927,12.0,1.7825458728545078,276.16407459683904,402.7552795410156,123.84967041015625,8.287531370324452,3.672044498080286e-16,4.089082256990343e-17,1.5172020899114725e-16,19.452398212496362,21.835603433379248,20.41205947026797,0.8123938002719856,995916061.995,995916062.355,995916071.995,995916070.195,995916066.3345833
16.40865252780515,10.836435538296435,12.0,1.7998524794917834,278.13641309166866,404.81884765625,121.90533447265625,8.29382687754984,3.7076961077530737e-16,-3.6784401459685545e-17,1.0161693206054107e-16,19.441907723308645,,20.847252853696276,0.8040866055063556,995916071.995,995916072.105,995916081.995,995916081.54,995916075.3216667
12.372981377363537,8.084063559593789,15.0,2.243733260561666,281.6858414788017,405.7449951171875,118.37274932861328,8.297691446341661,4.622090516757032e-16,1.5503516117623971e-16,2.615126165231843e-16,19.202571935330855,20.38859253818951,19.82093643594309,0.8059194081640509,995916081.995,995916082.5,995916091.995,995916091.955,995916088.2713333
6.519338855261469,4.363684846072771,13.0,2.774507791321261,283.43215431314457,405.06756591796875,116.61315155029297,5.802038217958183,5.715486050121797e-16,3.4008101487685005e-16,4.166170026127503e-16,18.972035128176007,19.535712080943778,19.315325575862506,0.8077380840061247,995916091.995,995916092.055,995916101.995,995916098.675,995916096.4261539
6.535263861715153,4.353638051412338,19.0,3.1251271441414903,283.9356860278955,403.1698303222656,116.0820083618164,7.469936750689154,6.43776191693147e-16,4.635518604243288e-16,5.237150093132291e-16,18.842830772299138,19.19942222987698,19.066930499267773,0.8140826970819045,995916101.995,995916103.25,995916111.995,995916111.705,995916108.041316
5.722708140091709,3.806809765013644,13.0,3.2521612563846958,284.1882480745213,400.4930114746094,115.81217956542969,4.9752411647188985,6.699452188152473e-16,4.3299632773058804e-16,5.123241536990767e-16,18.799569820808582,19.27345751819827,19.090805972617204,0.803598043803089,995916111.995,995916113.745,995916121.995,995916121.32,995916118.1538463
5.782250821795571,3.768307639024279,6.0,1.4853052814746381,281.44210313294593,397.324951171875,118.57061004638672,4.975462159121951,3.0597288798377545e-16,6.656926452217211e-17,1.4995293469847208e-16,19.650460686685378,21.306483654026906,20.42478062675303,0.8119585653052924,995916121.995,995916122.615,995916131.995,995916131.67,995916127.2374998
8.238215808127348,5.396482518439422,18.0,2.680569861220823,280.14883427154024,395.8951110839844,119.88124084472656,8.292495244608375,5.521973914114894e-16,3.4754578698908863e-16,4.1813938281373825e-16,19.009432174186284,19.512137980213435,19.311365366242025,0.8098801727244983,995916131.995,995916132.47,995916141.995,995916141.805,995916137.6519443
14.110359646089982,9.10533908853247,11.0,1.6517795636019317,277.3416517370934,395.3717956542969,122.69696807861328,8.295566500158474,3.402665901019979e-16,-1.012950244201431e-17,1.1415787863523356e-16,19.535119778584892,,20.720903326409125,0.8028919047944357,995916141.995,995916142.51,995916151.995,995916150.78,995916146.2831818
9.11026949625216,5.9051074495234674,13.0,1.9629330533095835,274.6887868512222,396.63372802734375,125.33184051513672,8.299725728154364,4.043642089817742e-16,1.7824643380497008e-16,2.5779886761448297e-16,19.347736279876734,20.237115926833546,19.836465537482034,0.7980748642084114,995916151.995,995916152.755,995916161.995,995916160.995,995916156.921154
9.054318892655182,5.941523268840929,18.0,2.661506681204969,273.02124615247897,398.26116943359375,126.98429107666016,8.298977747097883,5.482703763282236e-16,3.235210459014471e-16,4.00787899488321e-16,19.017181098190953,19.58991170609606,19.3573815486201,0.8150552790617563,995916161.995,995916162.125,995916171.995,995916171.365,995916166.653889
8.116827079254787,5.478177743276822,16.0,2.356582222957716,273.2680130491834,400.7829284667969,126.73310852050781,8.292376247622117,4.854559379292895e-16,2.8381694707839073e-16,3.493665250256443e-16,19.149293506932665,19.7320722404652,19.506464825444056,0.8189992941569152,995916171.995,995916172.045,995916181.995,995916181.985,995916176.855
4.0878078756943665,2.719565585246999,13.0,1.9018159369038476,274.9022089822721,403.55047607421875,125.12071990966797,8.29510184525975,3.917740830021926e-16,2.902577378021331e-16,3.242365746012528e-16,19.382078794015897,19.707708535538252,19.58751304429321,0.8241808896674123,995916181.995,995916182.195,995916191.995,995916191.235,995916185.8161539
12.95115637334572,8.787306061411847,12.0,1.7888169898620223,278.4805664769822,406.2384033203125,121.58931732177734,8.297549783262781,3.684962999115766e-16,4.696304219123233e-17,1.5033731371275734e-16,19.44858522230802,21.685277495780156,20.42200108634307,0.8088700610929994,995916191.995,995916192.02,995916201.995,995916201.38,995916196.0129166
7.446099004747035,4.835696816680212,12.0,3.0288089064616726,280.61926174127353,407.181884765625,119.47265625,4.977320778716844,6.2393463473110455e-16,3.1575751230474394e-16,4.2379612879118146e-16,18.876820315749402,19.61628382139218,19.296775587708375,0.7961779090226294,995916201.995,995916202.085,995916211.995,995916206.915,995916204.0475
15.707722656083694,10.219213376357539,8.0,1.2001586000756745,283.5295327924554,405.5376892089844,116.52455139160156,8.291089946865895,2.4723267161558895e-16,-1.4304060824146993e-16,-6.673385250362813e-18,19.881903396159412,,,0.8040521114804148,995916211.995,995916212.45,995916221.995,995916221.77,995916217.1781251
1.6262641293455287,1.0932297610943666,8.0,3.90136242063681,285.3652460237419,403.5702819824219,114.65708923339844,2.479463272826008,8.036806586511828e-16,6.685665739552053e-16,7.128524002721998e-16,18.601959259075887,18.8018064020258,18.732169010245368,0.8271915373133626,995916221.995,995916222.765,995916231.995,995916228.825,995916226.495
7.394878538151748,4.868804526490839,8.0,1.7077170325493305,284.74409452652475,399.4217529296875,115.2564926147461,5.805202259687539,3.517897087051621e-16,8.937938935459166e-17,1.7901816904289072e-16,19.49896022490107,20.986574592902286,20.232425273548145,0.8070098019699423,995916231.995,995916235.715,995916241.995,995916241.23,995916238.3956251
11.49325875939554,7.5813295495960835,10.0,1.4871821553644355,282.6514674097944,397.517333984375,117.35943603515625,8.286262069137697,3.0635952400507374e-16,2.063222203454065e-17,1.1788444631792597e-16,19.649089585714876,22.578303043838662,20.68602678084627,0.8116036239023092,995916241.995,995916245.105,995916251.995,995916251.36,995916247.3275
5.841729188376004,3.7300787636652855,17.0,2.5439277505588613,279.484561788322,396.161865234375,120.54179382324219,8.288744006279657,5.240491166151254e-16,3.7886473018773084e-16,4.3134553875907117e-16,19.066238067837336,19.418457607924122,19.277604774281848,0.8063301558503241,995916251.995,995916253.55,995916261.995,995916261.545,995916257.7514706
4.969747533810293,3.2201092910885656,7.0,1.7514410582458388,276.75353938899093,395.90203857421875,123.27680206298828,4.969999630800374,3.607968579986428e-16,1.5480730708995361e-16,2.2732752937870907e-16,19.471511183846467,20.390189410799405,19.973037970922963,0.804251209548383,995916261.995,995916263.135,995916271.995,995916267.345,995916265.2292856
10.78149082466876,6.968815866041453,16.0,2.3989591783949527,274.8112753900613,396.8639221191406,125.20661926269531,8.292200585404307,4.941855907493602e-16,2.263450956953595e-16,3.210619363443524e-16,19.12994285522491,19.977740328646092,19.598195999366332,0.8045324072440904,995916271.995,995916272.225,995916281.995,995916280.315,995916276.8628125
9.108922334324529,5.905874178251746,9.0,1.3202208917755984,273.15143530446306,399.0382385253906,126.85025787353516,8.287531370324452,2.719655037057733e-16,4.5548502427213814e-17,1.2516544632363992e-16,19.77838349764183,21.71848279459266,20.620956920073823,0.822704235788074,995916281.995,995916282.84,995916291.995,995916291.48,995916287.2077776
6.6027431510968615,4.308634853462214,15.0,2.194486955490381,273.30865175549593,402.0458068847656,126.69900512695312,8.287514370754986,4.520643128310185e-16,2.87942113064378e-16,3.4496600324071386e-16,19.226667490881404,19.71640508242389,19.520227308402525,0.825077934315623,995916291.995,995916293.47,995916301.995,995916301.34,995916297.9020002
16.252808319699387,10.941256183089143,10.0,1.4859921214987575,275.77489966787255,405.58660888671875,124.28169250488281,8.285950410364162,3.06114377028744e-16,-9.795254927946301e-17,3.409986305130567e-17,19.649958732829397,,22.032786463865513,0.8122538415695109,995916301.995,995916302.845,995916311.995,995916311.58,995916307.6045
8.22409931731189,5.406196860487061,3.0,0.7497513722910671,279.3010379774474,407.3385314941406,120.7953872680664,4.972566565789663,1.5444878269195983e-16,-1.8625343555923204e-16,-6.951534901463672e-17,20.39270682666569,,,0.8048780969577115,995916311.995,995916319.34,995916321.995,995916321.515,995916320.665
13.26374160442303,8.582393691060723,21.0,3.1579282221226257,281.1369796333147,407.42425537109375,118.96106719970703,8.288245352242003,6.505332137572608e-16,3.2086985868150434e-16,4.3722231075892414e-16,18.831494363693228,19.59884574340618,19.26291226292391,0.8024883423945061,995916321.995,995916322.415,995916331.995,995916331.48,995916327.04
13.902446906674053,9.241246012270238,14.0,2.093049345727829,283.78986927723633,406.0346374511719,116.27429962158203,8.286109073012506,4.311681652199328e-16,8.554103944355787e-17,2.014226161626647e-16,19.278051331536613,21.03423174282365,20.10439746974824,0.807315615249306,995916331.995,995916332.19,995916341.995,995916341.47,995916336.367857
4.884655363586312,3.2757222161121393,17.0,2.5036864120855835,285.2472264802181,403.0486755371094,114.7690658569336,8.285270427585543,5.157594008896302e-16,3.943102564478821e-16,4.3431380627483285e-16,19.08355016911465,19.375072866667495,19.270158962817376,0.8196766018516882,995916341.995,995916342.17,995916351.995,995916351.545,995916346.3858824
5.7117069141006205,3.813470464241161,20.0,2.957535014241713,284.8958614969104,401.0050354003906,115.10591125488281,8.283712133717872,6.092522129337929e-16,4.672130395159397e-16,5.144185317347458e-16,18.902675262648685,19.190880663271216,19.086376537188205,0.8166010292881432,995916351.995,995916352.54,995916361.995,995916361.97,995916356.4424999
9.890553015603208,6.471445506157424,15.0,2.24455691567113,283.1260515513417,397.82122802734375,116.88233184814453,8.277909614006987,4.623787246282527e-16,2.1624727161423326e-16,3.0133350470791554e-16,19.202173444080287,20.02729145919761,19.66704949405287,0.8073667209677051,995916361.995,995916363.105,995916371.995,995916371.81,995916366.8486668
5.767839501967359,3.777315387422126,18.0,2.6906060166840784,280.0340335174131,396.4624328613281,119.98831176757812,8.279456574828345,5.542648394369201e-16,4.107560322263563e-16,4.602819840675637e-16,19.005374727447567,19.33070817577757,19.207108109740332,0.808110803602162,995916371.995,995916372.105,995916381.995,995916381.695,995916376.7372224
8.248990794580049,5.389257700492814,8.0,1.2046531920754926,277.46350756186405,396.041748046875,122.56472778320312,8.279110916915881,2.481585575675515e-16,4.290800340339645e-17,1.1406359284939733e-16,19.8778449106198,21.783322284928037,20.721800433034847,0.8021644011854477,995916381.995,995916382.055,995916391.995,995916389.24,995916385.889375
8.197318989637987,5.422945690988952,20.0,2.977893855246308,273.7982300642881,397.78948974609375,126.210693359375,8.280816540385583,6.134461341807394e-16,4.095232838640004e-16,4.785407408665064e-16,18.895226966008266,19.333971553287515,19.164870756872098,0.8112856399132689,995916391.995,995916392.02,995916401.995,995916401.68,995916397.9487499
11.375144915690747,7.659546964776182,15.0,2.4480631287949657,272.36276615118436,399.89837646484375,127.63725280761719,7.441556680919323,5.043010045317629e-16,1.894099201648819e-16,2.9226651465283006e-16,19.10794346781353,20.17116124836186,19.70022039958493,0.8234829978132456,995916401.995,995916402.65,995916411.995,995916410.81,995916406.8283331
3.250329915305746,2.1878803757389518,6.0,2.9294498305229144,273.1731657528421,404.6845703125,126.86700439453125,2.4810860202571594,6.034666650877204e-16,3.335977620806475e-16,4.2181098941892206e-16,18.913034838196143,19.556610229576417,19.301873325419038,0.8255980747682776,995916411.995,995916415.04,995916421.995,995916421.79,995916419.4050001
8.922721684994642,6.029833287819053,10.0,1.4639670711315325,275.0903785687334,405.1715393066406,124.95823669433594,8.273931714752061,3.0157721665309567e-16,7.942398521758867e-17,1.5144959896004257e-16,19.666171729277917,21.114788864293807,20.413997731786534,0.8257079656535888,995916421.995,995916422.14,995916431.995,995916431.975,995916427.0755001
13.983333060478648,9.18816779236919,13.0,1.9278188686016737,278.3950269615357,408.3538513183594,121.73033905029297,8.276458984079264,3.971306869319448e-16,4.9087324909646615e-17,1.684383719130456e-16,19.36733443342503,21.63724463794938,20.29856546348056,0.8148821145575524,995916431.995,995916433.145,995916441.995,995916441.455,995916437.3869231
12.268110971494089,8.154056151719521,18.0,2.697502808660713,281.42387294887567,408.3175048828125,118.69906616210938,8.278238272349984,5.556855785841069e-16,2.503995047863827e-16,3.527757912607968e-16,19.002595236135136,19.868084386828837,19.4959211143269,0.8061881706861402,995916441.995,995916442.75,995916451.995,995916451.48,995916446.5927778
8.203601046728153,5.418298057520647,24.0,3.603298237994769,284.0628969174995,406.8351135253906,116.01934814453125,8.271704771152082,7.422794370269224e-16,5.379755042367022e-16,6.073411829753584e-16,18.688249476698097,19.037761797709635,18.906086223332448,0.805351835400708,995916451.995,995916452.275,995916461.995,995916461.56,995916456.6366668
7.30268251422589,4.9314267136897065,13.0,2.4056848358768184,284.9811774789113,403.9734191894531,115.04652404785156,6.615337613041867,4.955710761906246e-16,2.6816732358928134e-16,3.4200765094422054e-16,19.12690317337676,19.793653406931025,19.529578496852064,0.8171024740275412,995916461.995,995916463.75,995916471.995,995916469.99,995916466.7915385
0.8273697389473555,0.5371775441169762,6.0,2.940322992390551,285.1061390385103,401.5395812988281,114.89801788330078,2.478456753513164,6.057065364324535e-16,5.369386767626963e-16,5.610583601303087e-16,18.909012400068125,19.039856330455848,18.99214795587375,0.8234516771936713,995916471.995,995916474.745,995916481.995,995916476.91,995916475.8283333
7.39317290629481,4.870278457621985,8.0,2.398314968377948,282.7849093958485,397.3296203613281,117.22769927978516,4.129095056713508,4.940528834858573e-16,1.2520847622996458e-16,2.5107534276809224e-16,19.1302344550467,20.62058372523654,19.86515789026325,0.8079603307615844,995916481.995,995916487.09,995916491.995,995916489.81,995916488.4449999
17.27906611327145,11.345887618328913,13.0,1.9430103211476322,280.23696402073193,396.0174560546875,119.79133605957031,8.26855418427781,4.002601261564122e-16,-3.022476152831549e-17,1.1759246778635397e-16,19.358812231123345,,20.688719289591006,0.8092841993438019,995916491.995,995916492.125,995916501.995,995916501.235,995916496.8838462
8.304030787562096,5.353211460201673,13.0,1.965089798420122,276.41906839398763,395.55670166015625,123.61664581298828,8.270752795262014,4.0480849847454514e-16,1.9797964207132345e-16,2.714758275436387e-16,19.346543997359724,20.123116714039785,19.780340136753185,0.7999152815246814,995916501.995,995916502.625,995916511.995,995916511.62,995916506.1457694
6.599593781045026,4.311080279884876,12.0,1.794394995838157,273.1455499333499,397.9528503417969,126.86212158203125,8.26624790935366,3.6964536914266034e-16,2.051794187134558e-16,2.6221058768015716e-16,19.445204876431234,20.08433356317941,19.818042491212076,0.8091206747039615,995916511.995,995916512.12,995916521.995,995916521.53,995916518.2070833
8.206876644698363,5.417077061101413,11.0,1.6197936629716645,272.7603414322179,399.7912292480469,127.23973846435547,8.26210001440408,3.3367749457216285e-16,1.2905438593628882e-16,1.9861281699123207e-16,19.556350761081873,20.587736129157868,20.119649872939412,0.8221198567699985,995916521.995,995916522.275,995916531.995,995916530.53,995916526.3354545
7.359441036553346,4.892564532842156,11.0,1.6090316339789947,272.88297747276926,403.11981201171875,127.13485717773438,8.261097039805616,3.314605165996729e-16,1.4794435086223934e-16,2.094587668430571e-16,19.563588543687374,20.439422084366058,20.06192169501789,0.827675626797789,995916531.995,995916532.84,995916541.995,995916541.725,995916537.9513637
8.170874033817933,5.44091468713266,14.0,2.100245176738195,275.4899178702325,406.3549499511719,124.58338928222656,8.255135857446383,4.3265050640806815e-16,2.287531896306348e-16,2.9687703824178627e-16,19.274325009963743,19.966250154958345,19.68322652923424,0.8076227338228291,995916541.995,995916543.45,995916551.995,995916551.93,995916548.9167858
14.001508786838258,9.176662324800787,17.0,2.511679778786184,277.845348362805,408.64501953125,122.28917694091797,8.266599233789279,5.174060344299539e-16,1.6849462255223564e-16,2.8872766434735874e-16,19.080089327117165,20.298202938248064,19.71344705677526,0.8191484964095215,995916551.995,995916552.635,995916561.995,995916561.935,995916556.6829413
12.415541638387213,8.05687502953406,14.0,2.095271552635836,281.2454256041131,408.26507568359375,118.87604522705078,8.255464515789384,4.3162593984298223e-16,1.2181883297260535e-16,2.3058137682540194e-16,19.276899208392546,20.65038196433891,19.957607480739654,0.809509588897778,995916561.995,995916562.55,995916571.995,995916571.615,995916566.6714286
10.687397125573154,7.030421702408295,14.0,2.110593884328783,284.07779435061553,407.5030822753906,116.02130889892578,8.257430799324224,4.3478234017172926e-16,1.6816141880133815e-16,2.5939281455625183e-16,19.268988311523206,20.30035214366607,19.829773197128976,0.8034196683364334,995916571.995,995916572.02,995916581.995,995916580.83,995916576.5546429
10.671225753905713,7.0398515011839855,17.0,2.5207918378322325,285.43500466325855,404.4446105957031,114.59960174560547,8.257821789421932,5.192831185934399e-16,2.530782329272815e-16,3.4366666110321116e-16,19.076157540126,19.856531067384157,19.524324542089712,0.8169953224177742,995916581.995,995916582.09,995916591.995,995916589.955,995916585.8541175
18.00592648670516,11.949063672796656,17.0,2.5012172305129337,285.3575127019209,400.7549743652344,114.64348602294922,8.25358323010187,5.152507494856643e-16,6.584341295657216e-17,2.1701578317204182e-16,19.084621470477668,21.318387215423346,20.023439749766315,0.8236455899748132,995916591.995,995916592.085,995916601.995,995916601.275,995916596.4997059
11.590204836683398,7.51918016204828,17.0,2.547012488754892,283.21169060022527,397.561767578125,116.7988052368164,8.247463385094294,5.246845726835077e-16,2.3519166015092514e-16,3.3687517710845406e-16,19.064922313892453,19.936113256718,19.545995523781716,0.8093470670043894,995916601.995,995916603.005,995916611.995,995916611.94,995916607.5961766
11.544037535892462,7.548750589396284,17.0,2.5601764148933635,279.62016830737645,395.5274353027344,120.41560363769531,8.242890500908079,5.273963414680329e-16,2.3889660558874796e-16,3.3874375397529313e-16,19.0593252689714,19.919143103343384,19.539989810693278,0.8056145341849683,995916611.995,995916612.43,995916621.995,995916621.325,995916617.5217646
14.100518952534067,9.112248084742642,8.0,1.2092110792983422,276.4040979083667,395.872314453125,123.62672424316406,8.2518606070627,2.4909748233545846e-16,-1.0290881570305943e-16,2.161871180819457e-17,19.873744705720146,,22.527593520596174,0.8018450580306117,995916621.995,995916622.46,995916631.995,995916630.395,995916626.7725
11.417390675485931,7.632648338649434,13.0,1.9521764542015754,273.289000203555,397.05645751953125,126.72685241699219,8.246970397579794,4.0214834956552454e-16,1.1695483415769318e-16,2.1149342030529485e-16,19.35370232422637,20.694622607308105,20.051425899063105,0.8077829281137164,995916631.995,995916632.84,995916641.995,995916641.035,995916636.888846
8.22807295293035,5.4028383962084705,13.0,1.9286030188177605,272.12124016895154,399.5169677734375,127.87918853759766,8.24367248110349,3.9729222187645864e-16,1.9168203634458957e-16,2.622814348552399e-16,19.366892894446067,20.158214514710657,19.817749173715697,0.8177492672566541,995916641.995,995916642.415,995916651.995,995916651.7,995916645.838077
14.641060200946841,9.838000337878876,14.0,2.0675635622958057,272.8738447797925,403.1403503417969,127.14422607421875,8.239110929963584,4.25918093832936e-16,5.985209144105168e-17,1.7994154529142895e-16,19.291352825563084,21.421969723990024,20.22683943650334,0.8220605098887532,995916651.995,995916652.77,995916661.995,995916661.425,995916657.335
5.714478143993141,3.811531000518395,11.0,1.6376538710988233,274.73016510871906,406.69256591796875,125.35136413574219,8.24227851640732,3.373566974463576e-16,1.9453423696783175e-16,2.420947641661613e-16,19.54444470966923,20.142177936283932,19.90470455850745,0.8151774831317684,995916661.995,995916663.08,995916671.995,995916671.955,995916666.4863636
9.068501574244749,5.93254807907341,17.0,2.5084060510264004,277.9607832621988,408.447998046875,122.1676254272461,8.242216184652612,5.167316465114385e-16,2.90080066106046e-16,3.684578234388602e-16,19.08150540061777,19.70837333661697,19.448698595171194,0.8226789604118543,995916671.995,995916672.855,995916681.995,995916681.435,995916677.2485293
5.727633344485393,3.8027677720736857,10.0,2.5238428099769417,285.14723096207365,406.3811950683594,114.92417907714844,4.934940852039379,5.199116188552499e-16,2.8082213342070886e-16,3.611720950120312e-16,19.074844243305765,19.743589714966667,19.470382580058764,0.8031379287033442,995916691.995,995916695.94,995916701.995,995916700.015,995916698.437
6.513342566447636,4.368450936979795,9.0,1.8895235871019511,286.35624832068254,403.3841857910156,113.66374969482422,5.75995507229356,3.892418589430019e-16,1.5629758214781136e-16,2.3300784639895864e-16,19.389119205934914,20.379787401588054,19.946241686229136,0.827013024385178,995916701.995,995916705.32,995916711.995,995916711.77,995916708.7888889
6.588106934763541,4.3186865756961375,19.0,2.844948407763861,285.3705136148433,400.5277404785156,114.62997436523438,8.228231205505669,5.860593719993554e-16,4.211211252892733e-16,4.779377827569283e-16,18.94481401247511,19.303650480698998,19.16623963974834,0.8120059683152888,995916711.995,995916712.545,995916721.995,995916721.04,995916717.0468421
